url,title,h1,meta_description
information-collective-nationale-9-decembre-2025/,Information Collective Nationale – 9 décembre 2025 - École Gustave,Information Collective Nationale – 9 décembre 2025,"Participez à notre information collective 9 décembre 2025 à l'École Gustave. Découvrez nos formations BTP en alternance, rencontrez nos formateurs. Gratuit..."
information-collective-nationale-16-decembre-2025/,Information Collective Nationale – 16 décembre 2025 - École Gustave,Information Collective Nationale – 16 décembre 2025,"Participez à notre information collective 16 décembre 2025 à l'École Gustave. Découvrez nos formations BTP en alternance, rencontrez nos formateurs. Gratui..."
la-presse-parle-de-nous/,La presse parle de nous - École Gustave,La presse parle de nous,"Découvrez les articles de presse sur l'École Gustave : Figaro, Le Monde, BFMTV. Une école de formation BTP en alternance reconnue par les médias nationaux."
reussir-son-cap-plomberie-les-conseils-dun-expert/,Réussir son cap plomberie : les conseils d'un expert - École Gustave,Réussir son cap plomberie : les conseils d'un expert,Réussir son cap plomberie : les conseils d'un expert | L'École Gustave vous accompagne dans votre projet de formation BTP en alternance. Devenez un profess...
cap-plomberie-les-avantages-dune-formation-professionnelle/,Cap plomberie : les avantages d'une formation professionnelle - École Gustave,Cap plomberie : les avantages d'une formation professionnelle,"Préparez votre CAP plomberie à l'École Gustave en alternance. Formation en alternance reconnue par l'État, accès aux métiers du BTP. Inscriptions ouvertes...."
comment-choisir-le-bon-cap-en-plomberie-pour-votre-carriere/,Comment choisir le bon cap en plomberie pour votre carrière - École Gustave,Comment choisir le bon cap en plomberie pour votre carrière,Comment choisir le bon cap en plomberie pour votre carrière | L'École Gustave vous accompagne dans votre projet de formation BTP en alternance. Devenez un ...
cap-electricite-bordeaux/,CAP électricité bordeaux - École Gustave,CAP électricité bordeaux,"Préparez votre CAP electricit à l'École Gustave Bordeaux. Formation en alternance reconnue par l'État, accès aux métiers du BTP. Inscriptions ouvertes. Fin..."
cfa-electricite-marseille/,CFA électricité marseille - École Gustave,CFA électricité marseille,"Préparez votre CFA electricit à l'École Gustave Marseille. Formation en alternance reconnue par l'État, accès aux métiers du BTP. Inscriptions ouvertes. Fi..."
cap-electricite-marseille/,CAP électricité marseille - École Gustave,CAP électricité marseille,"Préparez votre CAP electricit à l'École Gustave Marseille. Formation en alternance reconnue par l'État, accès aux métiers du BTP. Inscriptions ouvertes. Fi..."
cap-electricite-lyon/,CAP électricité lyon - École Gustave,CAP électricité lyon,"Préparez votre CAP electricit à l'École Gustave Lyon. Formation en alternance reconnue par l'État, accès aux métiers du BTP. Inscriptions ouvertes. Finance..."
cfa-electricite-paris/,CFA électricité paris - École Gustave,CFA électricité paris,"Préparez votre CFA electricit à l'École Gustave Paris. Formation en alternance reconnue par l'État, accès aux métiers du BTP. Inscriptions ouvertes. Financ..."
cap-electricite-paris/,CAP électricité paris - École Gustave,CAP électricité paris,"Préparez votre CAP electricit à l'École Gustave Paris. Formation en alternance reconnue par l'État, accès aux métiers du BTP. Inscriptions ouvertes. Financ..."
cfa-plomberie-bordeaux/,CFA plomberie bordeaux - École Gustave,CFA plomberie bordeaux,"Préparez votre CFA plomberie à l'École Gustave Bordeaux. Formation en alternance reconnue par l'État, accès aux métiers du BTP. Inscriptions ouvertes. Fina..."
cap-plomberie-bordeaux/,CAP plomberie bordeaux - École Gustave,CAP plomberie bordeaux,"Préparez votre CAP plomberie à l'École Gustave Bordeaux. Formation en alternance reconnue par l'État, accès aux métiers du BTP. Inscriptions ouvertes. Fina..."
cfa-plomberie-marseille/,CFA plomberie marseille - École Gustave,CFA plomberie marseille,"Préparez votre CFA plomberie à l'École Gustave Marseille. Formation en alternance reconnue par l'État, accès aux métiers du BTP. Inscriptions ouvertes. Fin..."
cap-plomberie-marseille/,CAP plomberie marseille - École Gustave,CAP plomberie marseille,"Préparez votre CAP plomberie à l'École Gustave Marseille. Formation en alternance reconnue par l'État, accès aux métiers du BTP. Inscriptions ouvertes. Fin..."
cfa-plomberie-lyon/,CFA plomberie lyon - École Gustave,CFA plomberie lyon,"Préparez votre CFA plomberie à l'École Gustave Lyon. Formation en alternance reconnue par l'État, accès aux métiers du BTP. Inscriptions ouvertes. Financez..."
cap-plomberie-lyon/,CAP plomberie lyon - École Gustave,CAP plomberie lyon,"Préparez votre CAP plomberie à l'École Gustave Lyon. Formation en alternance reconnue par l'État, accès aux métiers du BTP. Inscriptions ouvertes. Financez..."
cfa-plomberie-paris/,CFA plomberie paris - École Gustave,CFA plomberie paris,"Préparez votre CFA plomberie à l'École Gustave Paris. Formation en alternance reconnue par l'État, accès aux métiers du BTP. Inscriptions ouvertes. Finance..."
cap-plomberie-paris/,CAP plomberie paris - École Gustave,CAP plomberie paris,"Préparez votre CAP plomberie à l'École Gustave Paris. Formation en alternance reconnue par l'État, accès aux métiers du BTP. Inscriptions ouvertes. Finance..."
cfa-plomberie/,CFA plomberie - École Gustave,CFA plomberie,"Préparez votre CFA plomberie à l'École Gustave en alternance. Formation en alternance reconnue par l'État, accès aux métiers du BTP. Inscriptions ouvertes...."
cap-plomberie/,CAP plomberie - École Gustave,CAP plomberie,"Préparez votre CAP plomberie à l'École Gustave en alternance. Formation en alternance reconnue par l'État, accès aux métiers du BTP. Inscriptions ouvertes...."
formation-plombier-chauffagiste-bordeaux/,Formation plombier chauffagiste bordeaux - École Gustave,Formation plombier chauffagiste bordeaux,Formation plombier chauffagiste bordeaux | L'École Gustave vous accompagne dans votre projet de formation BTP en alternance. Devenez un professionnel quali...
formation-plombier-chauffagiste-lille/,Formation plombier chauffagiste lille - École Gustave,Formation plombier chauffagiste lille,Formation plombier chauffagiste lille | L'École Gustave vous accompagne dans votre projet de formation BTP en alternance. Devenez un professionnel qualifié...
carriere-dans-le-batiment-international/,Une carrière dans le bâtiment à l'international - École Gustave,Une carrière dans le bâtiment à l'international,Une carrière dans le bâtiment à l'international | L'École Gustave vous accompagne dans votre projet de formation BTP en alternance. Devenez un professionne...
formation-plombier-chauffagiste-lyon/,Formation plombier chauffagiste lyon - École Gustave,Formation plombier chauffagiste lyon,Formation plombier chauffagiste lyon | L'École Gustave vous accompagne dans votre projet de formation BTP en alternance. Devenez un professionnel qualifié ...
diversite-metiers-du-batiment/,Explorez la diversité des métiers du bâtiment - École Gustave,Explorez la diversité des métiers du bâtiment,Explorez la diversité des métiers du bâtiment | L'École Gustave vous accompagne dans votre projet de formation BTP en alternance. Devenez un professionnel ...
formation-plombier-chauffagiste-paris/,Formation plombier chauffagiste paris - École Gustave,Formation plombier chauffagiste paris,Formation plombier chauffagiste paris | L'École Gustave vous accompagne dans votre projet de formation BTP en alternance. Devenez un professionnel qualifié...
lancer-son-entreprise-dans-le-batiment/,Lancer son entreprise dans le batîment - École Gustave,Lancer son entreprise dans le batîment,Lancer son entreprise dans le batîment | L'École Gustave vous accompagne dans votre projet de formation BTP en alternance. Devenez un professionnel qualifi...
choisir-la-meilleure-ecole-de-batiment-en-france/,Choisir la meilleure école de bâtiment en France - École Gustave,Choisir la meilleure école de bâtiment en France,Choisir la meilleure école de bâtiment en France | L'École Gustave vous accompagne dans votre projet de formation BTP en alternance. Devenez un professionn...
decouvrir-la-vie-quotidienne-sur-un-chantier/,Découvrir la vie quotidienne sur un chantier - École Gustave,Découvrir la vie quotidienne sur un chantier,Découvrir la vie quotidienne sur un chantier | L'École Gustave vous accompagne dans votre projet de formation BTP en alternance. Devenez un professionnel q...
formation-plombier-bordeaux/,Formation plombier Bordeaux - École Gustave,Formation plombier Bordeaux,Formation plombier Bordeaux | L'École Gustave vous accompagne dans votre projet de formation BTP en alternance. Devenez un professionnel qualifié dès maint...
optimisez-vos-projets-avec-lequipement-professionnel-du-batiment/,Optimisez vos projets avec l'équipement professionnel du bâtiment - École Gustave,Optimisez vos projets avec l'équipement professionnel du bâtiment,Optimisez vos projets avec l'équipement professionnel du bâtiment | L'École Gustave vous accompagne dans votre projet de formation BTP en alternance. Deven...
les-atouts-dune-carriere-dans-le-batiment/,Les atouts d'une carrière dans le bâtiment - École Gustave,Les atouts d'une carrière dans le bâtiment,Les atouts d'une carrière dans le bâtiment | L'École Gustave vous accompagne dans votre projet de formation BTP en alternance. Devenez un professionnel qua...
formation-plombier-lille/,Formation plombier Lille - École Gustave,Formation plombier Lille,Formation plombier Lille | L'École Gustave vous accompagne dans votre projet de formation BTP en alternance. Devenez un professionnel qualifié dès maintenant.
nouvelles-reglementations-batiment-a-connaitre-en-2024/,Nouvelles réglementations bâtiment à connaître en 2024 - École Gustave,Nouvelles réglementations bâtiment à connaître en 2024,Nouvelles réglementations bâtiment à connaître en 2024 | L'École Gustave vous accompagne dans votre projet de formation BTP en alternance. Devenez un profe...
financer-ses-etudes-dans-le-batiment-un-guide-complet/,Financer ses études dans le bâtiment : un guide complet - École Gustave,Financer ses études dans le bâtiment : un guide complet,Financer ses études dans le bâtiment : un guide complet | L'École Gustave vous accompagne dans votre projet de formation BTP en alternance. Devenez un prof...
apprentissage-dans-le-secteur-du-batiment-en-france/,Apprentissage dans le secteur du bâtiment en France - École Gustave,Apprentissage dans le secteur du bâtiment en France,Apprentissage dans le secteur du bâtiment en France | L'École Gustave vous accompagne dans votre projet de formation BTP en alternance. Devenez un professi...
formation-plombier-lyon/,Formation plombier Lyon - École Gustave,Formation plombier Lyon,Formation plombier Lyon | L'École Gustave vous accompagne dans votre projet de formation BTP en alternance. Devenez un professionnel qualifié dès maintenant.
securite-sur-les-chantiers-un-guide-pour-les-debutants/,Sécurité sur les chantiers : un guide pour les débutants - École Gustave,Sécurité sur les chantiers : un guide pour les débutants,Sécurité sur les chantiers : un guide pour les débutants | L'École Gustave vous accompagne dans votre projet de formation BTP en alternance. Devenez un pro...
opportunites-demploi-dans-leco-construction/,Opportunités d'emploi dans l'éco-construction - École Gustave,Opportunités d'emploi dans l'éco-construction,Opportunités d'emploi dans l'éco-construction | L'École Gustave vous accompagne dans votre projet de formation BTP en alternance. Devenez un professionnel ...
metiers-en-vogue-dans-le-batiment-pour-2024/,Métiers en vogue dans le bâtiment pour 2024 - École Gustave,Métiers en vogue dans le bâtiment pour 2024,Métiers en vogue dans le bâtiment pour 2024 | L'École Gustave vous accompagne dans votre projet de formation BTP en alternance. Devenez un professionnel qu...
guide-de-carriere-dans-le-batiment-en-2024/,Guide de carrière dans le bâtiment en 2024 - École Gustave,Guide de carrière dans le bâtiment en 2024,Guide de carrière dans le bâtiment en 2024 | L'École Gustave vous accompagne dans votre projet de formation BTP en alternance. Devenez un professionnel qua...
technologies-de-construction-innovantes/,Technologies de construction innovantes - École Gustave,Technologies de construction innovantes,Technologies de construction innovantes | L'École Gustave vous accompagne dans votre projet de formation BTP en alternance. Devenez un professionnel qualif...
femmes-dans-le-batiment/,Femmes dans le bâtiment - École Gustave,Femmes dans le bâtiment,Femmes dans le bâtiment | L'École Gustave vous accompagne dans votre projet de formation BTP en alternance. Devenez un professionnel qualifié dès maintenant.
parcours-professionnel-batiment/,Parcours professionnel bâtiment - École Gustave,Parcours professionnel bâtiment,Parcours professionnel bâtiment | L'École Gustave vous accompagne dans votre projet de formation BTP en alternance. Devenez un professionnel qualifié dès m...
competences-cles-batiment/,Compétences clés bâtiment - École Gustave,Compétences clés bâtiment,Compétences clés bâtiment | L'École Gustave vous accompagne dans votre projet de formation BTP en alternance. Devenez un professionnel qualifié dès mainten...
metiers-du-batiment-carrieres/,Métiers du bâtiment carrières - École Gustave,Métiers du bâtiment carrières,Métiers du bâtiment carrières | L'École Gustave vous accompagne dans votre projet de formation BTP en alternance. Devenez un professionnel qualifié dès mai...
fin-du-bootcamp-de-la-promo-iii-de-plombiers-chauffagistes/,Fin du bootcamp de la promo III de plombiers-chauffagistes ! - École Gustave,Fin du bootcamp de la promo III de plombiers-chauffagistes !,Fin du bootcamp de la promo III de plombiers-chauffagistes ! | L'École Gustave vous accompagne dans votre projet de formation BTP en alternance. Devenez un...
de-directeur-commercial-a-plombier-chauffagiste/,De directeur commercial à plombier-chauffagiste ! - École Gustave,De directeur commercial à plombier-chauffagiste !,De directeur commercial à plombier-chauffagiste ! | L'École Gustave vous accompagne dans votre projet de formation BTP en alternance. Devenez un profession...
causette-btp-gustave-une-ecole-pour-former-a-la-construction-et-deboulonner-les-stereotypes-de-genre/,"Causette : BTP : Gustave, une école pour former à la construction et déboulonner les stéréotypes de genre - École Gustav","Causette : BTP : Gustave, une école pour former à la construction et déboulonner les stéréotypes de","Causette : BTP : Gustave, une école pour former à la construction et déboulonner les stéréotypes de | L'École Gustave vous accompagne dans votre projet de ..."
effy-lecole-gustave-renove-limage-des-metiers-du-batiments/,Effy : L'École Gustave rénove l’image des métiers du bâtiments - École Gustave,Effy : L'École Gustave rénove l’image des métiers du bâtiments,Effy : L'École Gustave rénove l’image des métiers du bâtiments | L'École Gustave vous accompagne dans votre projet de formation BTP en alternance. Devenez ...
m6-le-1234-du-06-04-2022/,M6 : Le 1234 du 06/04/2022 - École Gustave,M6 : Le 1234 du 06/04/2022,M6 : Le 1234 du 06/04/2022 | L'École Gustave vous accompagne dans votre projet de formation BTP en alternance. Devenez un professionnel qualifié dès mainte...
entretien-avec-souad-hamidi-bellahoues/,Entretien avec Souad Hamidi Bellahoues - École Gustave,Entretien avec Souad Hamidi Bellahoues,Entretien avec Souad Hamidi Bellahoues | L'École Gustave vous accompagne dans votre projet de formation BTP en alternance. Devenez un professionnel qualifi...
le-moniteur-nous-recrutons-des-demandeurs-demploi-sur-motivation/,"Le Moniteur : « Nous recrutons des demandeurs d'emploi sur leur motivation », Marie Blaise, directrice de l'éc","Le Moniteur : « Nous recrutons des demandeurs d'emploi sur leur motivation », Marie Blaise, dir","Le Moniteur : « Nous recrutons des demandeurs d'emploi sur leur motivation », Marie Blaise, dir | L'École Gustave vous accompagne dans votre projet de form..."
les-echos-marie-blaize-un-cas-decole/,"Les Échos : Marie Blaise, un cas d’école - École Gustave","Les Échos : Marie Blaise, un cas d’école","Les Échos : Marie Blaise, un cas d’école | L'École Gustave vous accompagne dans votre projet de formation BTP en alternance. Devenez un professionnel quali..."
une-alternance-cest-trouve-chez-douche-moduleau/,Une alternance ? C'est trouvé chez Douche Moduleau ! - École Gustave,Une alternance ? C'est trouvé chez Douche Moduleau !,Une alternance ? C'est trouvé chez Douche Moduleau ! | L'École Gustave vous accompagne dans votre projet de formation BTP en alternance. Devenez un profess...
temoignage-de-martin-lelong-apprenti-chez-gustave/,"Témoignage de Martin Lelong, apprenti chez Gustave - École Gustave","Témoignage de Martin Lelong, apprenti chez Gustave","Témoignage de Martin Lelong, apprenti chez Gustave | L'École Gustave vous accompagne dans votre projet de formation BTP en alternance. Devenez un professio..."
deuxieme-promotion-de-lecole-gustave/,Deuxième promotion de l'école Gustave - École Gustave,Deuxième promotion de l'école Gustave,Deuxième promotion de l'école Gustave | L'École Gustave vous accompagne dans votre projet de formation BTP en alternance. Devenez un professionnel qualifié...
les-echos-les-huit-pistes-a-explorer-pour-decrocher-son-premier-emploi/,Les Echos : Les huit pistes à explorer pour décrocher son premier emploi - École Gustave,Les Echos : Les huit pistes à explorer pour décrocher son premier emploi,Les Echos : Les huit pistes à explorer pour décrocher son premier emploi | L'École Gustave vous accompagne dans votre projet de formation BTP en alternance...
france-3-des-formations-gratuites-pour-les-metiers-en-tension/,France 3 : des formations gratuites pour les métiers en tension - École Gustave,France 3 : des formations gratuites pour les métiers en tension,France 3 : des formations gratuites pour les métiers en tension | L'École Gustave vous accompagne dans votre projet de formation BTP en alternance. Devenez...
le-parisien-a-lecole-gustave-les-cols-blancs-en-reconversion-enfilent-le-bleu-de-travail/,"Le Parisien : à l’école Gustave, les cols blancs en reconversion enfilent le bleu de travail - École Gustave","Le Parisien : à l’école Gustave, les cols blancs en reconversion enfilent le bleu de travail","Le Parisien : à l’école Gustave, les cols blancs en reconversion enfilent le bleu de travail | L'École Gustave vous accompagne dans votre projet de formati..."
cap-plomberie-les-etapes-pour-devenir-un-plombier-qualifie/,Cap plomberie : les étapes pour devenir un plombier qualifié - École Gustave,Cap plomberie : les étapes pour devenir un plombier qualifié,"Préparez votre CAP plomberie à l'École Gustave en alternance. Formation en alternance reconnue par l'État, accès aux métiers du BTP. Inscriptions ouvertes...."
cfa-electricite-bordeaux/,CFA électricité bordeaux - École Gustave,CFA électricité bordeaux,"Préparez votre CFA electricit à l'École Gustave Bordeaux. Formation en alternance reconnue par l'État, accès aux métiers du BTP. Inscriptions ouvertes. Fin..."
cfa-electricite-lyon/,CFA électricité lyon - École Gustave,CFA électricité lyon,"Préparez votre CFA electricit à l'École Gustave Lyon. Formation en alternance reconnue par l'État, accès aux métiers du BTP. Inscriptions ouvertes. Finance..."
cap-plomberie-les-debouches-dans-le-secteur-de-lartisanat/,Cap plomberie : les débouchés dans le secteur de l'artisanat - École Gustave,Cap plomberie : les débouchés dans le secteur de l'artisanat,"Préparez votre CAP plomberie à l'École Gustave en alternance. Formation en alternance reconnue par l'État, accès aux métiers du BTP. Inscriptions ouvertes...."
cap-plomberie-les-erreurs-a-eviter-lors-de-votre-formation/,Cap plomberie : les erreurs à éviter lors de votre formation - École Gustave,Cap plomberie : les erreurs à éviter lors de votre formation,"Préparez votre CAP plomberie à l'École Gustave en alternance. Formation en alternance reconnue par l'État, accès aux métiers du BTP. Inscriptions ouvertes...."
les-differentes-specialisations-possibles-apres-un-cap-en-plomberie/,Les différentes spécialisations possibles après un cap en plomberie - École Gustave,Les différentes spécialisations possibles après un cap en plomberie,Les différentes spécialisations possibles après un cap en plomberie | L'École Gustave vous accompagne dans votre projet de formation BTP en alternance. Dev...
comment-financer-sa-formation-en-cap-plomberie/,Comment financer sa formation en cap plomberie - École Gustave,Comment financer sa formation en cap plomberie,Comment financer sa formation en cap plomberie | L'École Gustave vous accompagne dans votre projet de formation BTP en alternance. Devenez un professionnel...
evenement-2-apprenant-couvreur/,Événement - Jobdating Sonepar Rennes - École Gustave,"Former aujourd’hui, bâtir demain : retour sur notre Job Dating en partenariat avec Sonepar","Former aujourd’hui, bâtir demain : retour sur notre Job Dating en partenariat avec Sonepar | L'École Gustave vous accompagne dans votre projet de formation..."
devenir-electricien-du-batiment-metier-formation-et-salaire/,"Devenir électricien du bâtiment : métier, formation et salaire","Devenir électricien: métier, formation et salaire","Devenir électricien: métier, formation et salaire | L'École Gustave vous accompagne dans votre projet de formation BTP en alternance. Devenez un profession..."
devenir-couvreur-zingueur-metier-formation-salaire/,"Devenir couvreur-zingueur : métier, formation et salaire","Devenir couvreur-zingueur : métier, formation et salaire","Devenir couvreur-zingueur : métier, formation et salaire | L'École Gustave vous accompagne dans votre projet de formation BTP en alternance. Devenez un pro..."
devenir-technicien-de-maintenance-cvc-formation-et-salaire/,Devenir technicien de maintenance CVC : formation et salaire,"Devenir technicien de maintenance CVC : métier, formation et salaire","Devenir technicien de maintenance CVC : métier, formation et salaire | L'École Gustave vous accompagne dans votre projet de formation BTP en alternance. De..."
journee-portes-ouvertes-15-janvier-2026-decouvrez-lecole-gustave/,Journée Portes Ouvertes – 15 janvier 2026 : Découvrez l’École Gustave - École Gustave,Journée Portes Ouvertes – 15 janvier 2026 : Découvrez l’École Gustave,Journée Portes Ouvertes – 15 janvier 2026 : Découvrez l’École Gustave | L'École Gustave vous accompagne dans votre projet de formation BTP en alternance. D...
journee-portes-ouvertes-technicien-ne-de-maintenance-cvc-10-fevrier-2026/,Journée Portes Ouvertes Technicien.ne de maintenance CVC – 10 février 2026 - École Gustave,Journée Portes Ouvertes – 10 février : Découvrez le métier de technicien.ne de maintenance CVC,Journée Portes Ouvertes – 10 février : Découvrez le métier de technicien.ne de maintenance CVC | L'École Gustave vous accompagne dans votre projet de forma...
comment-trouver-une-alternance-couvreur-2/,Comment décrocher une alternance de couvreur ? - École Gustave,Comment décrocher une alternance en couvreur ?,Comment décrocher une alternance en couvreur ? | L'École Gustave vous accompagne dans votre projet de formation BTP en alternance. Devenez un professionnel...
comment-trouver-une-alternance-en-tm-cvc/,Comment décrocher une alternance de technicien CVC ? - École Gustave,Comment décrocher une alternance en CVC ?,Comment décrocher une alternance en CVC ? | L'École Gustave vous accompagne dans votre projet de formation BTP en alternance. Devenez un professionnel qual...
comment-trouver-une-alternance-en-electricite/,Comment trouver une alternance en électricité ? - École Gustave,Comment trouver une alternance en électricité ?,Comment trouver une alternance en électricité ? | L'École Gustave vous accompagne dans votre projet de formation BTP en alternance. Devenez un professionne...
comment-creer-son-entreprise-dans-le-btp/,Comment créer son entreprise dans le BTP ? - École Gustave,Comment créer son entreprise dans le BTP ?,Comment créer son entreprise dans le BTP ? | L'École Gustave vous accompagne dans votre projet de formation BTP en alternance. Devenez un professionnel qua...
comment-trouver-un-bon-plombier-chauffagiste/,Comment trouver un bon plombier-chauffagiste ? - École Gustave,Comment trouver un bon plombier ?,Comment trouver un bon plombier ? | L'École Gustave vous accompagne dans votre projet de formation BTP en alternance. Devenez un professionnel qualifié dès...
formation-advf-en-ile-de-france-lecole-gustave-lance-lecole-du-soin/,Formation ADVF en Île de France : L'école Gustave lance l’École du Soin - École Gustave,Formation ADVF en Île de France : L'école Gustave lance l’École du Soin,Formation ADVF en Île de France : L'école Gustave lance l’École du Soin | L'École Gustave vous accompagne dans votre projet de formation BTP en alternance....
cap-plomberie-les-competences-indispensables-a-acquerir/,Cap plomberie : les compétences indispensables à acquérir - École Gustave,Cap plomberie : les compétences indispensables à acquérir,"Préparez votre CAP plomberie à l'École Gustave en alternance. Formation en alternance reconnue par l'État, accès aux métiers du BTP. Inscriptions ouvertes...."
remuneration-des-apprentis-du-btp-en-2026/,Rémunération des apprentis du BTP en 2026,Rémunération des apprentis du BTP en 2026,Rémunération des apprentis du BTP en 2026 | L'École Gustave vous accompagne dans votre projet de formation BTP en alternance. Devenez un professionnel qual...
journee-portes-ouvertes-17-fevrier-2026-decouvrez-lecole-gustave/,Journée Portes Ouvertes – 17 février 2026 : Découvrez l’École Gustave - École Gustave,Journée Portes Ouvertes – 17 février 2026 : Découvrez l’École Gustave,Journée Portes Ouvertes – 17 février 2026 : Découvrez l’École Gustave | L'École Gustave vous accompagne dans votre projet de formation BTP en alternance. D...
les-debouches-apres-lobtention-dun-cap-en-plomberie/,Les débouchés après l'obtention d'un cap en plomberie - École Gustave,Les débouchés après l'obtention d'un cap en plomberie,Les débouchés après l'obtention d'un cap en plomberie | L'École Gustave vous accompagne dans votre projet de formation BTP en alternance. Devenez un profes...
comment-trouver-un-bon-technicien-de-maintenance-cvc/,Comment trouver un bon technicien de maintenance CVC ? - École Gustave,Comment trouver un bon technicien de maintenance CVC ?,Comment trouver un bon technicien de maintenance CVC ? | L'École Gustave vous accompagne dans votre projet de formation BTP en alternance. Devenez un profe...
journee-portes-ouvertes-12-mars-2026-decouvrez-lecole-gustave/,Journée Portes Ouvertes – 12 mars 2026 : Découvrez l’École Gustave - École Gustave,Journée Portes Ouvertes – 12 mars 2026 : Découvrez l’École Gustave,Journée Portes Ouvertes – 12 mars 2026 : Découvrez l’École Gustave | L'École Gustave vous accompagne dans votre projet de formation BTP en alternance. Deve...
quest-ce-qu-une-habilitation/,Qu’est-ce qu’une habilitation dans le secteur du bâtiment ? - École Gustave,Qu’est-ce qu’une habilitation ?,Qu’est-ce qu’une habilitation ? | L'École Gustave vous accompagne dans votre projet de formation BTP en alternance. Devenez un professionnel qualifié dès m...
journee-portes-ouvertes-100-femmes-10-mars-2026-paris/,Journée Portes Ouvertes 100% femmes – 10 mars 2026 - PARIS - École Gustave,Journée Portes Ouvertes 100% femmes – 10 mars 2026 - PARIS,Journée Portes Ouvertes 100% femmes – 10 mars 2026 - PARIS | L'École Gustave vous accompagne dans votre projet de formation BTP en alternance. Devenez un p...
comment-trouver-un-bon-couvreur-zingueur/,Comment trouver un bon couvreur-zingueur ? - École Gustave,Comment trouver un bon couvreur-zingueur ?,Comment trouver un bon couvreur-zingueur ? | L'École Gustave vous accompagne dans votre projet de formation BTP en alternance. Devenez un professionnel qua...
comment-trouver-un-bon-electricien/,Comment trouver un bon électricien du bâtiment ? - École Gustave,Comment trouver un bon électricien ?,Comment trouver un bon électricien ? | L'École Gustave vous accompagne dans votre projet de formation BTP en alternance. Devenez un professionnel qualifié ...
devenir-plombier-chauffagiste-metier-formation-et-salaire/,"Devenir plombier chauffagiste : métier, formation et salaire","Devenir plombier-chauffagiste : métier, formation et salaire","Devenir plombier-chauffagiste : métier, formation et salaire | L'École Gustave vous accompagne dans votre projet de formation BTP en alternance. Devenez un..."
comment-trouver-une-alternance-en-plomberie/,Comment trouver une alternance en plomberie ? - École Gustave,Comment trouver une alternance en plomberie ?,Comment trouver une alternance en plomberie ? | L'École Gustave vous accompagne dans votre projet de formation BTP en alternance. Devenez un professionnel ...
devenir-menuisier-installateur-metier-formation-et-salaire-2/,"Devenir menuisier installateur : métier, formation et salaire","Devenir menuisier installateur : métier, formation et salaire","Devenir menuisier installateur : métier, formation et salaire | L'École Gustave vous accompagne dans votre projet de formation BTP en alternance. Devenez u..."
quelles-sont-les-habilitations-a-avoir-pour-etre-plombier/,Quelles sont les habilitations à avoir pour être plombier ? - École Gustave,Quelles sont les habilitations à avoir pour être plombier ?,Quelles sont les habilitations à avoir pour être plombier ? | L'École Gustave vous accompagne dans votre projet de formation BTP en alternance. Devenez un ...
quelle-est-la-difference-entre-un-titre-professionnel-et-un-cap/,Quelle est la différence entre un titre professionnel et un CAP ?- École Gustave,Quelle est la différence entre un titre professionnel et un CAP ?,Quelle est la différence entre un titre professionnel et un CAP ? | L'École Gustave vous accompagne dans votre projet de formation BTP en alternance. Deven...
lhistoire-du-metier-delectricien/,L’histoire du métier d’électricien du bâtiment - École Gustave,L’histoire du métier d’électricien,L’histoire du métier d’électricien | L'École Gustave vous accompagne dans votre projet de formation BTP en alternance. Devenez un professionnel qualifié dè...
lhistoire-du-metier-de-plombier/,L’histoire du métier de plombier-chauffagiste - École Gustave,L’histoire du métier de plombier,L’histoire du métier de plombier | L'École Gustave vous accompagne dans votre projet de formation BTP en alternance. Devenez un professionnel qualifié dès ...
lhistoire-du-metier-de-couvreur/,L’histoire du métier de couvreur-zingueur - École Gustave,L’histoire du métier de couvreur,L’histoire du métier de couvreur | L'École Gustave vous accompagne dans votre projet de formation BTP en alternance. Devenez un professionnel qualifié dès ...
top-des-metiers-qui-recrutent-dans-le-btp/,Top des métiers qui recrutent dans le secteur du bâtiment - École Gustave,Top des métiers qui recrutent dans le BTP,Top des métiers qui recrutent dans le BTP | L'École Gustave vous accompagne dans votre projet de formation BTP en alternance. Devenez un professionnel qual...
top-5-des-gestes-ecolo-a-adopter-dans-le-btp/,Top des métiers qui recrutent dans le secteur du bâtiment - École Gustave,Top 5 des gestes écolo à adopter dans le BTP,Top 5 des gestes écolo à adopter dans le BTP | L'École Gustave vous accompagne dans votre projet de formation BTP en alternance. Devenez un professionnel q...
quelles-sont-les-habilitations-a-avoir-pour-etre-technicien-cvc/,Quelles sont les habilitations à avoir pour être technicien CVC ? - École Gustave,Quelles sont les habilitations à avoir pour être technicien CVC ?,Quelles sont les habilitations à avoir pour être technicien CVC ? | L'École Gustave vous accompagne dans votre projet de formation BTP en alternance. Deven...
quest-ce-quune-rqth-definition-demarches-et-avantages/,"Qu’est-ce qu’une RQTH ? Définition, démarches et avantages - École Gustave","Qu’est-ce qu’une RQTH ? Définition, démarches et avantages","Qu’est-ce qu’une RQTH ? Définition, démarches et avantages | L'École Gustave vous accompagne dans votre projet de formation BTP en alternance. Devenez un p..."
quelles-sont-les-habilitations-a-avoir-pour-etre-couvreur/,Quelles sont les habilitations à avoir pour être couvreur ? - École Gustave,Quelles sont les habilitations à avoir pour être couvreur ?,Quelles sont les habilitations à avoir pour être couvreur ? | L'École Gustave vous accompagne dans votre projet de formation BTP en alternance. Devenez un ...
quelles-sont-les-habilitations-a-avoir-pour-etre-electricien/,Quelles sont les habilitations à avoir pour être électricien ? - École Gustave,Quelles sont les habilitations à avoir pour être électricien ?,Quelles sont les habilitations à avoir pour être électricien ? | L'École Gustave vous accompagne dans votre projet de formation BTP en alternance. Devenez ...
peut-on-travailler-a-letranger-avec-un-titre-professionnel/,Peut-on travailler à l’étranger avec un titre professionnel ?,Peut-on travailler à l’étranger avec un titre professionnel ?,Peut-on travailler à l’étranger avec un titre professionnel ? | L'École Gustave vous accompagne dans votre projet de formation BTP en alternance. Devenez u...
comment-lia-est-elle-utilisee-dans-le-btp/,Comment l'IA est-elle utilisée dans le BTP ? - École Gustave,Comment l'IA est-elle utilisée dans le BTP ?,Comment l'IA est-elle utilisée dans le BTP ? | L'École Gustave vous accompagne dans votre projet de formation BTP en alternance. Devenez un professionnel q...
journee-portes-ouvertes-24-avril-2026-decouvrez-lecole-gustave/,Journée Portes Ouvertes – 23 Avril 2026 : Découvrez l’École Gustave - École Gustave,Journée Portes Ouvertes – 23 Avril 2026 : Découvrez l’École Gustave,Journée Portes Ouvertes – 23 Avril 2026 : Découvrez l’École Gustave | L'École Gustave vous accompagne dans votre projet de formation BTP en alternance. Dev...
lhistoire-du-metier-technicien-de-maintenance-cvc/,L’histoire du métier technicien de maintenance CVC- École Gustave,L’histoire du métier technicien de maintenance CVC,L’histoire du métier technicien de maintenance CVC | L'École Gustave vous accompagne dans votre projet de formation BTP en alternance. Devenez un professio...
quels-sont-les-differents-types-de-chantier-tertiaire-particulier-neuf-et-renovation/,"Quels sont les différents types de chantier ? Tertiaire, Neuf etc...École Gustave","Quels sont les différents types de chantier ? Tertiaire, particulier, neuf et rénovation","Quels sont les différents types de chantier ? Tertiaire, particulier, neuf et rénovation | L'École Gustave vous accompagne dans votre projet de formation B..."
journee-portes-ouvertes-19-mai-2026-decouvrez-lecole-gustave/,Journée Portes Ouvertes – 19 Mai 2026 : Découvrez l’École Gustave - École Gustave,Journée Portes Ouvertes – 19 Mai 2026 : Découvrez l’École Gustave,Journée Portes Ouvertes – 19 Mai 2026 : Découvrez l’École Gustave | L'École Gustave vous accompagne dans votre projet de formation BTP en alternance. Deven...
comment-repondre-a-un-appel-doffre-dans-le-btp-le-guide-complet-pour-remporter-vos-marches/,Comment répondre à un appel d'offres dans le BTP ? École Gustave,Comment répondre à un appel d'offre dans le BTP : le guide complet pour remporter vos marchés,Comment répondre à un appel d'offre dans le BTP : le guide complet pour remporter vos marchés | L'École Gustave vous accompagne dans votre projet de format...
comment-trouver-un-bon-menuisier-installateur/,Comment trouver un bon menuisier installateur ?- École Gustave,Comment trouver un bon menuisier installateur ?,Comment trouver un bon menuisier installateur ? | L'École Gustave vous accompagne dans votre projet de formation BTP en alternance. Devenez un professionne...
les-femmes-dans-le-btp-chiffres-metiers-qui-recrutent-et-parcours-en-2026/,"Les femmes dans le BTP : chiffres, métiers qui recrutent - École Gustave","Les femmes dans le BTP : chiffres, métiers qui recrutent et parcours en 2026","Les femmes dans le BTP : chiffres, métiers qui recrutent et parcours en 2026 | L'École Gustave vous accompagne dans votre projet de formation BTP en altern..."
quest-ce-que-la-renovation-energetique/,Qu’est-ce que la rénovation énergétique dans le bâtiment ? - École Gustave,Qu’est-ce que la rénovation énergétique ?,Qu’est-ce que la rénovation énergétique ? | L'École Gustave vous accompagne dans votre projet de formation BTP en alternance. Devenez un professionnel qual...
tout-ce-quil-faut-savoir-sur-la-reglementation-rge/,Tout ce qu'il faut savoir sur le label RGE ? - École Gustave,Tout ce qu'il faut savoir sur le label RGE ?,Tout ce qu'il faut savoir sur le label RGE ? | L'École Gustave vous accompagne dans votre projet de formation BTP en alternance. Devenez un professionnel q...
quest-ce-que-le-dispositif-poei-tout-comprendre-sur-la-preparation-operationnelle-a-lemploi-individuelle/,Qu'est-ce que le dispositif POEI de France Travail ? - École Gustave,Qu'est-ce que le dispositif POEI ?,Qu'est-ce que le dispositif POEI ? | L'École Gustave vous accompagne dans votre projet de formation BTP en alternance. Devenez un professionnel qualifié dè...
comment-devenir-macon-voirie-et-reseaux-divers/,Comment devenir maçon voirie et réseaux divers ? - École Gustave,Comment devenir maçon voirie et réseaux divers ?,Comment devenir maçon voirie et réseaux divers ? | L'École Gustave vous accompagne dans votre projet de formation BTP en alternance. Devenez un professionn...
lhistoire-du-metier-de-macon-vrd/,L’histoire du métier de maçon voirie réseau divers - École Gustave,L’histoire du métier de maçon VRD,L’histoire du métier de maçon VRD | L'École Gustave vous accompagne dans votre projet de formation BTP en alternance. Devenez un professionnel qualifié dès...
quest-ce-quun-titre-enregistre-au-rncp/,"Qu’est-ce qu’un titre enregistré au RNCP ? Définition, niveaux etc.",Qu’est-ce qu’un titre enregistré au RNCP ?,Qu’est-ce qu’un titre enregistré au RNCP ? | L'École Gustave vous accompagne dans votre projet de formation BTP en alternance. Devenez un professionnel qua...
les-differents-types-de-formations-dans-le-btp-en-2026/,Les différents types de formations dans le BTP en 2026 - École Gustave,Les différents types de formations dans le BTP en 2026,Les différents types de formations dans le BTP en 2026 | L'École Gustave vous accompagne dans votre projet de formation BTP en alternance. Devenez un profe...
lhistoire-du-metier-de-menuisier-installateur/,L’histoire du métier de menuisier installateur- École Gustave,L’histoire du métier de menuisier installateur,L’histoire du métier de menuisier installateur | L'École Gustave vous accompagne dans votre projet de formation BTP en alternance. Devenez un professionnel...
financer-sa-formation-btp-avec-france-travail-en-2026/,Financer sa formation BTP avec France Travail en 2026 - École Gustave,Financer sa formation BTP avec France Travail en 2026,Financer sa formation BTP avec France Travail en 2026 | L'École Gustave vous accompagne dans votre projet de formation BTP en alternance. Devenez un profes...
journee-portes-ouvertes-23-juin-2026-decouvrez-lecole-gustave-2/,Journée Portes Ouvertes – 23 Juin 2026 : Découvrez l’École Gustave - École Gustave,Journée Portes Ouvertes – 23 Juin 2026 : Découvrez l’École Gustave,Journée Portes Ouvertes – 23 Juin 2026 : Découvrez l’École Gustave | L'École Gustave vous accompagne dans votre projet de formation BTP en alternance. Deve...
,Formations dans le Bâtiment en France - École Gustave,,"Découvrez l'École Gustave : formations en alternance dans le BTP à Paris, Lyon, Marseille, Bordeaux, Lille et Nantes. CAP et CFA en plomberie, électricité,..."
plan-du-site/,Plan du site - École Gustave,,"Plan du site de l'École Gustave. Retrouvez toutes nos pages : formations, campus, actualités, témoignages. Navigation simplifiée."
donnees-personnelles/,Données personnelles - École Gustave,,Politique de protection des données personnelles de l'École Gustave. Gestion de vos cookies et données selon le RGPD. Vos droits.
politique-de-confidentialite/,Politique de confidentialité - École Gustave,Politique de confidentialité,Politique de confidentialité | L'École Gustave vous accompagne dans votre projet de formation BTP en alternance. Devenez un professionnel qualifié dès main...
mentions-legales/,Mentions légales - École Gustave,Mentions légales,"Mentions légales du site ecole-gustave.com. Éditeur, hébergeur et conditions d'utilisation du site de l'École Gustave."
politique-handicap/,Politique handicap - École Gustave,Politique handicap,Politique handicap | L'École Gustave vous accompagne dans votre projet de formation BTP en alternance. Devenez un professionnel qualifié dès maintenant.
les-actualites/,Les actualités du BTP - Ecole Gustave,Les actualités,Les actualités | L'École Gustave vous accompagne dans votre projet de formation BTP en alternance. Devenez un professionnel qualifié dès maintenant.
les-formations/,Formations aux métiers du bâtiment - Ecole Gustave,Les formations,Les formations | L'École Gustave vous accompagne dans votre projet de formation BTP en alternance. Devenez un professionnel qualifié dès maintenant.
passerelles-et-poursuite-detudes/,Passerelles et poursuite d'études - École Gustave,Passerelles et poursuite d'études,Passerelles et poursuite d'études | L'École Gustave vous accompagne dans votre projet de formation BTP en alternance. Devenez un professionnel qualifié dès...
equivalences-de-nos-titres/,Equivalences de nos titres - École Gustave,Equivalences de nos titres,Equivalences de nos titres | L'École Gustave vous accompagne dans votre projet de formation BTP en alternance. Devenez un professionnel qualifié dès mainte...
informations-pratiques/,"Informations pratiques - Candidature, alternance et partenariats",Informations pratiques,Informations pratiques | L'École Gustave vous accompagne dans votre projet de formation BTP en alternance. Devenez un professionnel qualifié dès maintenant.
conditions-generales-d-utilisation/,Conditions Générales d'Utilisation - École Gustave,Conditions Générales d'Utilisation,Conditions Générales d'Utilisation | L'École Gustave vous accompagne dans votre projet de formation BTP en alternance. Devenez un professionnel qualifié dè...
ecole-gustave/,École Gustave - Formations BTP accessibles et inclusives,L’école Gustave,L’école Gustave | L'École Gustave vous accompagne dans votre projet de formation BTP en alternance. Devenez un professionnel qualifié dès maintenant.
entreprise/,Entreprises partenaires - Recruter ou former avec l’École Gustave,Entreprises : des compétences prêtes à l’emploi,Entreprises : des compétences prêtes à l’emploi | L'École Gustave vous accompagne dans votre projet de formation BTP en alternance. Devenez un professionne...
les-temoignages/,Témoignages formations BTP - Ecole Gustave,Les témoignages,Les témoignages | L'École Gustave vous accompagne dans votre projet de formation BTP en alternance. Devenez un professionnel qualifié dès maintenant.
formations/,formations Archive - École Gustave,Formation Maçon Voirie Réseaux Divers (VRD),"Découvrez toutes les formations en BTP de l'École Gustave : plomberie, électricité, maçonnerie, couverture, VRD. CAP, CFA en alternance sur 6 campus en Fra..."
formations/formation-menuisier-installateur/,Formation Menuisier Installateur - École Gustave (Niveau CAP),Formation Menuisier Installateur,"Devenez spécialiste en menuisier avec l'École Gustave en alternance. Formation en alternance, accès à la profession. Financement CPF possible. Inscriptions..."
formations/formation-technicien-dequipement-et-dexploitation-en-electricite/,Formation Technicien d’équipement et d’exploitation en électricité,Technicien d’équipement et d’exploitation en électricité,"Devenez spécialiste en technicien avec l'École Gustave en alternance. Formation en alternance, accès à la profession. Financement CPF possible. Inscription..."
formations/formation-maintenance-cvc/,Formation Technicien·ne CVC - Chauffage Ventilation Climatisation,Formation Technicien de maintenance CVC,"Devenez spécialiste en maintenance avec l'École Gustave en alternance. Formation en alternance, accès à la profession. Financement CPF possible. Inscriptio..."
formations/formation-plombier-chauffagiste/,Formation Plombier Chauffagiste - École Gustave (titre RNCP),Formation Plombier-Chauffagiste,"Devenez spécialiste en plombier avec l'École Gustave en alternance. Formation en alternance, accès à la profession. Financement CPF possible. Inscriptions ..."
formations/formation-electricien/,Formation Électricien du Bâtiment - École Gustave (titre RNCP),Formation Électricien du bâtiment,"Devenez spécialiste en electricien avec l'École Gustave en alternance. Formation en alternance, accès à la profession. Financement CPF possible. Inscriptio..."
formations/formation-couvreur/,Formation Couvreur Zingueur - École Gustave (titre RNCP36101),Formation Couvreur-zingueur,"Devenez spécialiste en couvreur avec l'École Gustave en alternance. Formation en alternance, accès à la profession. Financement CPF possible. Inscriptions ..."
formations/formation-macon-vrd/,Formation Voirie Réseau Divers (VRD) - École Gustave (Niv CAP),Formation Maçon Voirie Réseaux Divers (VRD),"Devenez spécialiste en macon avec l'École Gustave en alternance. Formation en alternance, accès à la profession. Financement CPF possible. Inscriptions ouv..."
campus/bordeaux/,École Gustave Bordeaux - Formations qualifiantes en BTP,École Gustave : Campus de Bordeaux,"Découvrez le campus Bordeaux de l'École Gustave. Formations BTP en alternance, locaux modernes, accompagnement personnalisé. Venez rencontrer nos équipes l..."
campus/lille/,École Gustave Lille - Formations BTP pour un emploi durable,École Gustave : Campus de Lille,"Découvrez le campus Lille de l'École Gustave. Formations BTP en alternance, locaux modernes, accompagnement personnalisé. Venez rencontrer nos équipes lors..."
campus/lyon/,École Gustave Lyon - Formations métiers du bâtiment et insertion,École Gustave : Campus de Lyon,"Découvrez le campus Lyon de l'École Gustave. Formations BTP en alternance, locaux modernes, accompagnement personnalisé. Venez rencontrer nos équipes lors ..."
campus/marseille/,École Gustave Marseille - Formations BTP et insertion pro,École Gustave : Campus de Marseille,"Découvrez le campus Marseille de l'École Gustave. Formations BTP en alternance, locaux modernes, accompagnement personnalisé. Venez rencontrer nos équipes ..."
campus/paris/,Paris - École Gustave,École Gustave : Campus de Paris,"Découvrez le campus Paris de l'École Gustave. Formations BTP en alternance, locaux modernes, accompagnement personnalisé. Venez rencontrer nos équipes lors..."
campus/rennes/,École Gustave Rennes - Formations BTP accessibles à tous,École Gustave : Campus de Rennes,"Découvrez les 6 campus de l'École Gustave : Paris, Lyon, Marseille, Bordeaux, Lille et Nantes. Des locaux modernes dédiés aux formations BTP en alternance."
temoignages/,temoignages Archive - École Gustave,,Découvrez les avis et témoignages des étudiants et diplômés de l'École Gustave. Leur expérience en formation BTP en alternance. Rejoignez une école qui for...
temoignages/hamadi-mballo/,Hamadi Mballo - École Gustave,Hamadi,Découvrez les avis et témoignages des étudiants et diplômés de l'École Gustave. Leur expérience en formation BTP en alternance. Rejoignez une école qui for...
temoignages/muhammad-sylla/,Muhammad Sylla - École Gustave,Muhammad,Découvrez les avis et témoignages des étudiants et diplômés de l'École Gustave. Leur expérience en formation BTP en alternance. Rejoignez une école qui for...
temoignages/romarin-duban/,Romarin Duban - École Gustave,Romarin,Découvrez les avis et témoignages des étudiants et diplômés de l'École Gustave. Leur expérience en formation BTP en alternance. Rejoignez une école qui for...
temoignages/lou-la-precision-de-la-joaillerie-au-service-de-lelectricite/,"Lou, la précision de la joaillerie au service de l’électricité - École Gustave","Lou, la précision de la joaillerie au service de l’électricité 💎⚡",Découvrez les avis et témoignages des étudiants et diplômés de l'École Gustave. Leur expérience en formation BTP en alternance. Rejoignez une école qui for...
temoignages/florie-quand-la-rigueur-de-la-gestion-rencontre-la-technique/,"Florie, quand la rigueur de la gestion rencontre la technique - École Gustave","Florie, quand la rigueur de la gestion rencontre la technique.",Découvrez les avis et témoignages des étudiants et diplômés de l'École Gustave. Leur expérience en formation BTP en alternance. Rejoignez une école qui for...
temoignages/jeremie-du-graphisme-a-la-plomberie/,"Jérémie, du graphisme à la plomberie - École Gustave","Jérémie, du graphisme à la plomberie",Découvrez les avis et témoignages des étudiants et diplômés de l'École Gustave. Leur expérience en formation BTP en alternance. Rejoignez une école qui for...
temoignages/de-lanimation-au-btp-le-recit-de-corentin-2/,De l’animation au BTP : le récit de Corentin - École Gustave,De l’animation au BTP : le récit de Corentin,Découvrez les avis et témoignages des étudiants et diplômés de l'École Gustave. Leur expérience en formation BTP en alternance. Rejoignez une école qui for...
temoignages/de-la-cuisine-aux-ascenseurs-le-parcours-de-remy/,De la cuisine aux ascenseurs : le parcours de Rémy - École Gustave,De la cuisine aux ascenseurs : le parcours de Rémy,Découvrez les avis et témoignages des étudiants et diplômés de l'École Gustave. Leur expérience en formation BTP en alternance. Rejoignez une école qui for...
temoignages/du-marketing-au-tournevis-la-reconversion-de-fanny/,Du marketing au tournevis : la reconversion de Fanny - École Gustave,Du marketing au tournevis : la reconversion de Fanny,Découvrez les avis et témoignages des étudiants et diplômés de l'École Gustave. Leur expérience en formation BTP en alternance. Rejoignez une école qui for...
temoignages/du-developpement-web-aux-chantiers-lhistoire-dhugo/,Du développement web aux chantiers : l’histoire d'Hugo - École Gustave,Du développement web aux chantiers : l’histoire d'Hugo,Découvrez les avis et témoignages des étudiants et diplômés de l'École Gustave. Leur expérience en formation BTP en alternance. Rejoignez une école qui for...
temoignages/djimmy-futur-plombier-chauffagiste/,"Djimmy, futur plombier-chauffagiste - École Gustave","Djimmy, futur plombier-chauffagiste",Découvrez les avis et témoignages des étudiants et diplômés de l'École Gustave. Leur expérience en formation BTP en alternance. Rejoignez une école qui for...
temoignages/noemie-du-spectacle-vivant-a-la-plomberie-chauffage/,"Noémie, du spectacle vivant à la plomberie-chauffage - École Gustave","Noémie, du spectacle vivant à la plomberie-chauffage",Découvrez les avis et témoignages des étudiants et diplômés de l'École Gustave. Leur expérience en formation BTP en alternance. Rejoignez une école qui for...
temoignages/du-developpement-web-aux-chantiers/,Du développement web aux chantiers : l’histoire d'Hugo - École Gustave,D’un laboratoire de diamants aux chantiers électriques : l’histoire d’Eliott,Découvrez les avis et témoignages des étudiants et diplômés de l'École Gustave. Leur expérience en formation BTP en alternance. Rejoignez une école qui for...
temoignages/de-la-gendarmerie-a-la-plomberie-le-parcours-denzo/,De la gendarmerie à la plomberie : le parcours d'Enzo - École Gustave,De la gendarmerie à la plomberie : le parcours d'Enzo,Découvrez les avis et témoignages des étudiants et diplômés de l'École Gustave. Leur expérience en formation BTP en alternance. Rejoignez une école qui for...
